sailing_id,fresh_units,fuel_units
Portsmouth_Jersey_20250518_1800_0,45.7,0.87
Portsmouth_Jersey_20250518_0600_1,32.9,0.94
St. Malo_Jersey_20250518_0600_2,18.5,0.52
St. Malo_Jersey_20250518_1200_3,6.9,0.47
St. Malo_Jersey_20250518_1800_4,24.0,0.33
Poole_Jersey_20250518_1800_5,13.3,0.27
Portsmouth_Jersey_20250519_0600_6,54.3,0.84
Portsmouth_Jersey_20250519_1200_7,46.3,0.55
St. Malo_Jersey_20250519_0600_8,22.8,0.53
St. Malo_Jersey_20250519_1800_9,36.5,0.68
Poole_Jersey_20250519_0600_10,15.9,0.15
Poole_Jersey_20250519_1800_11,21.1,0.18
Portsmouth_Jersey_20250520_1200_12,45.4,0.96
Portsmouth_Jersey_20250520_0600_13,63.9,0.82
Portsmouth_Jersey_20250520_1800_14,51.0,0.97
St. Malo_Jersey_20250520_0600_15,29.3,0.74
St. Malo_Jersey_20250520_1800_16,10.0,0.49
Poole_Jersey_20250520_0600_17,11.0,0.23
Portsmouth_Jersey_20250521_1800_18,48.3,0.86
Portsmouth_Jersey_20250521_0600_19,33.7,1.06
St. Malo_Jersey_20250521_1200_20,15.5,0.55
St. Malo_Jersey_20250521_1800_21,18.9,0.61
St. Malo_Jersey_20250521_0600_22,15.1,0.41
Poole_Jersey_20250521_0600_23,11.6,0.18
Poole_Jersey_20250521_1800_24,21.2,0.25
Portsmouth_Jersey_20250522_1200_25,34.2,0.86
Portsmouth_Jersey_20250522_1800_26,50.6,0.65
Portsmouth_Jersey_20250522_0600_27,40.3,0.82
St. Malo_Jersey_20250522_1200_28,23.7,0.62
St. Malo_Jersey_20250522_1800_29,20.0,0.65
Poole_Jersey_20250522_1200_30,24.9,0.24
Poole_Jersey_20250522_0600_31,14.6,0.27
Poole_Jersey_20250522_1800_32,10.0,0.29
Portsmouth_Jersey_20250523_1800_33,31.0,1.65
Portsmouth_Jersey_20250523_1200_34,31.4,1.2
Portsmouth_Jersey_20250523_0600_35,21.3,0.94
St. Malo_Jersey_20250523_1200_36,16.9,0.28
St. Malo_Jersey_20250523_1800_37,34.0,0.32
St. Malo_Jersey_20250523_0600_38,19.5,0.37
Poole_Jersey_20250523_1800_39,20.1,0.26
Poole_Jersey_20250523_0600_40,20.7,0.15
Portsmouth_Jersey_20250524_1200_41,56.2,0.76
Portsmouth_Jersey_20250524_0600_42,30.9,0.79
St. Malo_Jersey_20250524_0600_43,20.0,0.49
St. Malo_Jersey_20250524_1800_44,18.7,0.53
St. Malo_Jersey_20250524_1200_45,5.4,0.53
Poole_Jersey_20250524_1200_46,10.1,0.16
Poole_Jersey_20250524_1800_47,12.1,0.26
Portsmouth_Jersey_20250525_1200_48,46.1,0.95
Portsmouth_Jersey_20250525_1800_49,31.4,1.23
Portsmouth_Jersey_20250525_0600_50,61.5,0.99
St. Malo_Jersey_20250525_0600_51,13.0,0.39
Poole_Jersey_20250525_1800_52,17.5,0.17
Poole_Jersey_20250525_1200_53,11.1,0.15
Poole_Jersey_20250525_0600_54,15.4,0.11
Portsmouth_Jersey_20250526_0600_55,39.6,1.03
Portsmouth_Jersey_20250526_1200_56,34.6,0.69
St. Malo_Jersey_20250526_1200_57,32.6,0.3
St. Malo_Jersey_20250526_1800_58,26.3,0.61
Poole_Jersey_20250526_1800_59,15.7,0.27
Poole_Jersey_20250526_1200_60,9.9,0.15
Poole_Jersey_20250526_0600_61,12.9,0.4
Portsmouth_Jersey_20250527_1200_62,46.1,1.21
Portsmouth_Jersey_20250527_1800_63,47.8,1.02
Portsmouth_Jersey_20250527_0600_64,52.6,0.44
St. Malo_Jersey_20250527_1200_65,27.1,0.56
St. Malo_Jersey_20250527_0600_66,32.6,0.33
Poole_Jersey_20250527_1800_67,10.1,0.14
Poole_Jersey_20250527_0600_68,17.4,0.23
Poole_Jersey_20250527_1200_69,10.7,0.31
Portsmouth_Jersey_20250528_1200_70,43.4,1.04
Portsmouth_Jersey_20250528_0600_71,37.5,1.28
Portsmouth_Jersey_20250528_1800_72,44.7,1.57
St. Malo_Jersey_20250528_0600_73,15.9,0.27
St. Malo_Jersey_20250528_1200_74,19.4,0.58
St. Malo_Jersey_20250528_1800_75,21.8,0.69
Poole_Jersey_20250528_1800_76,13.2,0.26
Poole_Jersey_20250528_1200_77,11.3,0.27
Portsmouth_Jersey_20250529_1200_78,56.4,0.83
Portsmouth_Jersey_20250529_0600_79,45.9,1.08
St. Malo_Jersey_20250529_1200_80,28.9,0.69
St. Malo_Jersey_20250529_0600_81,32.3,0.58
Poole_Jersey_20250529_0600_82,18.0,0.12
Poole_Jersey_20250529_1800_83,14.8,0.13
Portsmouth_Jersey_20250530_1200_84,39.8,1.34
Portsmouth_Jersey_20250530_1800_85,39.9,0.25
St. Malo_Jersey_20250530_1800_86,17.1,0.59
St. Malo_Jersey_20250530_0600_87,21.0,0.62
Poole_Jersey_20250530_1800_88,9.6,0.22
Poole_Jersey_20250530_1200_89,16.9,0.25
Poole_Jersey_20250530_0600_90,12.1,0.25
Portsmouth_Jersey_20250531_0600_91,58.1,0.32
St. Malo_Jersey_20250531_1200_92,25.4,0.23
St. Malo_Jersey_20250531_0600_93,18.5,0.38
St. Malo_Jersey_20250531_1800_94,24.5,0.56
Poole_Jersey_20250531_1200_95,19.1,0.22
Poole_Jersey_20250531_0600_96,18.0,0.14
Portsmouth_Jersey_20250601_0600_97,52.7,0.01
Portsmouth_Jersey_20250601_1200_98,58.3,1.4
St. Malo_Jersey_20250601_1200_99,30.6,0.83
St. Malo_Jersey_20250601_1800_100,11.5,0.62
Poole_Jersey_20250601_1200_101,15.6,0.21
Poole_Jersey_20250601_1800_102,9.8,0.22
Portsmouth_Jersey_20250602_0600_103,44.2,0.79
Portsmouth_Jersey_20250602_1200_104,39.2,0.61
Portsmouth_Jersey_20250602_1800_105,35.3,1.29
St. Malo_Jersey_20250602_1200_106,32.4,0.62
Poole_Jersey_20250602_1200_107,19.3,0.26
Poole_Jersey_20250602_0600_108,12.1,0.22
Poole_Jersey_20250602_1800_109,19.9,0.12
Portsmouth_Jersey_20250603_0600_110,23.4,0.57
Portsmouth_Jersey_20250603_1200_111,18.6,0.68
Portsmouth_Jersey_20250603_1800_112,33.7,1.45
St. Malo_Jersey_20250603_1200_113,21.7,0.27
Poole_Jersey_20250603_0600_114,15.7,0.19
Poole_Jersey_20250603_1200_115,11.5,0.16
Portsmouth_Jersey_20250604_1200_116,52.8,0.58
Portsmouth_Jersey_20250604_0600_117,20.0,1.14
St. Malo_Jersey_20250604_1800_118,20.4,0.73
St. Malo_Jersey_20250604_0600_119,23.8,0.48
Poole_Jersey_20250604_1800_120,18.5,0.1
Poole_Jersey_20250604_0600_121,16.5,0.18
Portsmouth_Jersey_20250605_1200_122,52.3,0.81
Portsmouth_Jersey_20250605_0600_123,42.1,0.89
Portsmouth_Jersey_20250605_1800_124,45.0,0.92
St. Malo_Jersey_20250605_0600_125,27.0,0.76
St. Malo_Jersey_20250605_1200_126,22.9,0.56
Poole_Jersey_20250605_1200_127,25.3,0.22
Poole_Jersey_20250605_1800_128,4.0,0.16
Portsmouth_Jersey_20250606_1800_129,25.6,1.28
Portsmouth_Jersey_20250606_0600_130,38.9,1.32
Portsmouth_Jersey_20250606_1200_131,47.3,1.18
St. Malo_Jersey_20250606_1200_132,15.8,0.58
St. Malo_Jersey_20250606_1800_133,35.2,0.28
Poole_Jersey_20250606_1200_134,13.6,0.22
Poole_Jersey_20250606_1800_135,15.4,0.29
Portsmouth_Jersey_20250607_1200_136,48.7,1.12
Portsmouth_Jersey_20250607_1800_137,49.8,1.23
Portsmouth_Jersey_20250607_0600_138,40.5,0.89
St. Malo_Jersey_20250607_0600_139,32.4,0.39
St. Malo_Jersey_20250607_1800_140,24.5,0.33
St. Malo_Jersey_20250607_1200_141,30.5,0.68
Poole_Jersey_20250607_0600_142,10.8,0.19
Poole_Jersey_20250607_1200_143,12.8,0.26
Portsmouth_Jersey_20250608_1800_144,57.0,0.86
Portsmouth_Jersey_20250608_0600_145,2.9,1.35
Portsmouth_Jersey_20250608_1200_146,40.5,1.01
St. Malo_Jersey_20250608_1200_147,32.2,0.45
St. Malo_Jersey_20250608_0600_148,20.3,0.45
St. Malo_Jersey_20250608_1800_149,28.7,0.63
Poole_Jersey_20250608_0600_150,22.3,0.22
Poole_Jersey_20250608_1800_151,14.3,0.25
Portsmouth_Jersey_20250609_1800_152,28.3,1.43
St. Malo_Jersey_20250609_1200_153,26.6,0.47
St. Malo_Jersey_20250609_0600_154,17.7,0.59
Poole_Jersey_20250609_1200_155,13.7,0.19
Poole_Jersey_20250609_1800_156,7.5,0.17
Portsmouth_Jersey_20250610_0600_157,33.2,1.13
Portsmouth_Jersey_20250610_1800_158,36.8,0.21
St. Malo_Jersey_20250610_1200_159,21.9,0.28
St. Malo_Jersey_20250610_0600_160,17.2,0.65
St. Malo_Jersey_20250610_1800_161,12.3,0.54
Poole_Jersey_20250610_1800_162,12.7,0.16
Poole_Jersey_20250610_0600_163,10.6,0.22
Portsmouth_Jersey_20250611_1200_164,45.2,0.48
Portsmouth_Jersey_20250611_1800_165,53.8,0.64
St. Malo_Jersey_20250611_1200_166,27.9,0.32
St. Malo_Jersey_20250611_0600_167,21.6,0.31
St. Malo_Jersey_20250611_1800_168,21.0,0.47
Poole_Jersey_20250611_1200_169,9.8,0.22
Poole_Jersey_20250611_0600_170,17.0,0.36
Portsmouth_Jersey_20250612_0600_171,51.1,1.35
Portsmouth_Jersey_20250612_1200_172,18.8,0.41
St. Malo_Jersey_20250612_0600_173,22.8,0.77
St. Malo_Jersey_20250612_1800_174,43.6,0.4
St. Malo_Jersey_20250612_1200_175,20.6,0.58
Poole_Jersey_20250612_1200_176,14.1,0.19
Portsmouth_Jersey_20250613_0600_177,47.6,1.81
Portsmouth_Jersey_20250613_1200_178,55.7,1.56
Portsmouth_Jersey_20250613_1800_179,17.9,1.32
St. Malo_Jersey_20250613_1200_180,17.9,0.75
Poole_Jersey_20250613_0600_181,21.1,0.24
Portsmouth_Jersey_20250614_1800_182,31.1,0.85
Portsmouth_Jersey_20250614_1200_183,35.2,1.23
Portsmouth_Jersey_20250614_0600_184,44.8,1.43
St. Malo_Jersey_20250614_1200_185,37.1,0.37
St. Malo_Jersey_20250614_1800_186,28.6,0.57
Poole_Jersey_20250614_1800_187,14.6,0.26
Poole_Jersey_20250614_1200_188,17.2,0.17
Portsmouth_Jersey_20250615_1200_189,38.3,0.9
St. Malo_Jersey_20250615_1200_190,19.5,0.49
St. Malo_Jersey_20250615_1800_191,15.3,0.57
Poole_Jersey_20250615_1200_192,21.3,0.2
Poole_Jersey_20250615_0600_193,19.3,0.21
Poole_Jersey_20250615_1800_194,10.4,0.32
Portsmouth_Jersey_20250616_1800_195,10.9,1.0
Portsmouth_Jersey_20250616_0600_196,30.8,1.47
Portsmouth_Jersey_20250616_1200_197,42.6,1.77
St. Malo_Jersey_20250616_0600_198,25.3,0.39
St. Malo_Jersey_20250616_1800_199,12.2,0.67
Poole_Jersey_20250616_1200_200,11.2,0.17
Poole_Jersey_20250616_0600_201,20.5,0.26
Portsmouth_Jersey_20250617_1200_202,32.7,0.86
Portsmouth_Jersey_20250617_0600_203,18.9,0.38
Portsmouth_Jersey_20250617_1800_204,49.2,1.26
St. Malo_Jersey_20250617_0600_205,27.7,0.53
St. Malo_Jersey_20250617_1200_206,19.7,0.72
St. Malo_Jersey_20250617_1800_207,11.6,0.43
Poole_Jersey_20250617_1800_208,15.7,0.2
Poole_Jersey_20250617_1200_209,15.0,0.17
Poole_Jersey_20250617_0600_210,17.4,0.13
Portsmouth_Jersey_20250618_0600_211,38.3,1.13
Portsmouth_Jersey_20250618_1800_212,36.0,1.0
Portsmouth_Jersey_20250618_1200_213,42.6,0.47
St. Malo_Jersey_20250618_1200_214,12.5,0.52
St. Malo_Jersey_20250618_0600_215,20.4,0.42
Poole_Jersey_20250618_1800_216,17.6,0.14
Poole_Jersey_20250618_1200_217,4.1,0.3
Portsmouth_Jersey_20250619_0600_218,54.5,1.36
St. Malo_Jersey_20250619_0600_219,16.6,0.49
St. Malo_Jersey_20250619_1200_220,15.5,0.49
St. Malo_Jersey_20250619_1800_221,22.4,0.34
Poole_Jersey_20250619_1800_222,17.3,0.18
Poole_Jersey_20250619_0600_223,22.8,0.21
Poole_Jersey_20250619_1200_224,3.5,0.09
Portsmouth_Jersey_20250620_0600_225,65.1,0.89
Portsmouth_Jersey_20250620_1800_226,42.9,1.0
Portsmouth_Jersey_20250620_1200_227,57.0,0.43
St. Malo_Jersey_20250620_1200_228,35.0,0.69
St. Malo_Jersey_20250620_0600_229,25.0,0.56
Poole_Jersey_20250620_1200_230,13.3,0.1
Portsmouth_Jersey_20250621_1800_231,47.0,1.07
Portsmouth_Jersey_20250621_1200_232,43.2,1.14
St. Malo_Jersey_20250621_1800_233,20.5,0.72
St. Malo_Jersey_20250621_0600_234,25.1,0.58
St. Malo_Jersey_20250621_1200_235,23.0,0.66
Poole_Jersey_20250621_1800_236,15.5,0.19
Poole_Jersey_20250621_1200_237,20.4,0.1
Poole_Jersey_20250621_0600_238,13.7,0.16
Portsmouth_Jersey_20250622_0600_239,44.5,1.09
Portsmouth_Jersey_20250622_1800_240,39.9,0.79
St. Malo_Jersey_20250622_1800_241,24.8,0.55
St. Malo_Jersey_20250622_0600_242,23.7,0.67
Poole_Jersey_20250622_0600_243,17.8,0.2
Poole_Jersey_20250622_1800_244,4.4,0.19
Portsmouth_Jersey_20250623_0600_245,47.6,0.92
Portsmouth_Jersey_20250623_1800_246,43.6,0.93
Portsmouth_Jersey_20250623_1200_247,42.8,1.42
St. Malo_Jersey_20250623_1800_248,30.9,0.31
Poole_Jersey_20250623_1800_249,7.5,0.23
Poole_Jersey_20250623_0600_250,20.3,0.1
Poole_Jersey_20250623_1200_251,14.1,0.34
Portsmouth_Jersey_20250624_1800_252,36.8,1.76
Portsmouth_Jersey_20250624_0600_253,30.1,0.81
St. Malo_Jersey_20250624_0600_254,19.7,0.31
St. Malo_Jersey_20250624_1200_255,12.3,0.47
Poole_Jersey_20250624_1800_256,15.7,0.16
Poole_Jersey_20250624_0600_257,12.9,0.29
Portsmouth_Jersey_20250625_1200_258,51.7,0.92
Portsmouth_Jersey_20250625_0600_259,45.2,0.51
Portsmouth_Jersey_20250625_1800_260,43.2,0.98
St. Malo_Jersey_20250625_1800_261,22.2,0.5
St. Malo_Jersey_20250625_1200_262,24.0,0.3
Poole_Jersey_20250625_1200_263,22.6,0.26
Portsmouth_Jersey_20250626_1200_264,35.3,0.47
Portsmouth_Jersey_20250626_1800_265,10.5,1.6
Portsmouth_Jersey_20250626_0600_266,37.9,1.23
St. Malo_Jersey_20250626_1800_267,17.9,0.45
St. Malo_Jersey_20250626_0600_268,23.1,0.54
St. Malo_Jersey_20250626_1200_269,25.7,0.36
Poole_Jersey_20250626_0600_270,10.8,0.2
Poole_Jersey_20250626_1800_271,7.1,0.15
Poole_Jersey_20250626_1200_272,14.3,0.22
Portsmouth_Jersey_20250627_0600_273,58.0,0.86
Portsmouth_Jersey_20250627_1800_274,40.4,0.44
Portsmouth_Jersey_20250627_1200_275,44.0,0.73
St. Malo_Jersey_20250627_1800_276,22.7,0.57
St. Malo_Jersey_20250627_1200_277,28.9,0.28
Poole_Jersey_20250627_1800_278,18.6,0.2
Poole_Jersey_20250627_0600_279,20.7,0.29
Portsmouth_Jersey_20250628_1200_280,59.3,0.57
Portsmouth_Jersey_20250628_0600_281,44.8,0.53
St. Malo_Jersey_20250628_1200_282,34.8,0.72
St. Malo_Jersey_20250628_1800_283,32.3,0.44
Poole_Jersey_20250628_1200_284,17.4,0.17
Poole_Jersey_20250628_1800_285,15.1,0.19
Poole_Jersey_20250628_0600_286,6.0,0.15
Portsmouth_Jersey_20250629_0600_287,67.3,0.97
Portsmouth_Jersey_20250629_1200_288,41.9,1.0
Portsmouth_Jersey_20250629_1800_289,35.1,1.01
St. Malo_Jersey_20250629_1200_290,21.9,0.16
St. Malo_Jersey_20250629_0600_291,30.9,0.74
Poole_Jersey_20250629_1200_292,9.8,0.18
Poole_Jersey_20250629_1800_293,21.7,0.15
Portsmouth_Jersey_20250630_1800_294,44.7,2.0
Portsmouth_Jersey_20250630_1200_295,47.6,1.02
Portsmouth_Jersey_20250630_0600_296,50.6,1.23
St. Malo_Jersey_20250630_0600_297,20.0,0.24
St. Malo_Jersey_20250630_1800_298,29.5,0.61
Poole_Jersey_20250630_1800_299,13.7,0.3
Poole_Jersey_20250630_0600_300,21.5,0.25
Portsmouth_Jersey_20250701_1800_301,36.7,0.37
Portsmouth_Jersey_20250701_1200_302,37.9,0.45
St. Malo_Jersey_20250701_1200_303,7.3,0.6
Poole_Jersey_20250701_1200_304,20.3,0.08
Poole_Jersey_20250701_1800_305,13.8,0.2
Poole_Jersey_20250701_0600_306,13.7,0.12
Portsmouth_Jersey_20250702_1800_307,56.0,0.59
Portsmouth_Jersey_20250702_1200_308,16.6,0.59
Portsmouth_Jersey_20250702_0600_309,45.8,0.92
St. Malo_Jersey_20250702_0600_310,19.2,0.58
St. Malo_Jersey_20250702_1800_311,27.5,0.15
St. Malo_Jersey_20250702_1200_312,28.9,0.68
Poole_Jersey_20250702_1800_313,14.4,0.19
Poole_Jersey_20250702_0600_314,23.5,0.16
Poole_Jersey_20250702_1200_315,14.3,0.22
Portsmouth_Jersey_20250703_1200_316,40.6,0.92
Portsmouth_Jersey_20250703_0600_317,41.1,1.47
St. Malo_Jersey_20250703_0600_318,31.1,0.49
St. Malo_Jersey_20250703_1800_319,18.5,0.39
Poole_Jersey_20250703_1200_320,19.3,0.1
Poole_Jersey_20250703_1800_321,25.8,0.2
Portsmouth_Jersey_20250704_0600_322,23.5,1.05
Portsmouth_Jersey_20250704_1200_323,30.4,0.87
Portsmouth_Jersey_20250704_1800_324,21.9,0.93
St. Malo_Jersey_20250704_1800_325,9.1,0.41
St. Malo_Jersey_20250704_0600_326,18.8,0.42
St. Malo_Jersey_20250704_1200_327,19.3,0.51
Poole_Jersey_20250704_1800_328,19.0,0.22
Poole_Jersey_20250704_1200_329,20.8,0.17
Poole_Jersey_20250704_0600_330,16.5,0.22
Portsmouth_Jersey_20250705_0600_331,53.8,0.78
St. Malo_Jersey_20250705_1800_332,30.9,0.37
St. Malo_Jersey_20250705_0600_333,20.7,0.45
St. Malo_Jersey_20250705_1200_334,28.4,0.34
Poole_Jersey_20250705_1800_335,10.7,0.16
Poole_Jersey_20250705_1200_336,15.2,0.14
Portsmouth_Jersey_20250706_1800_337,43.2,0.89
Portsmouth_Jersey_20250706_1200_338,47.9,1.02
St. Malo_Jersey_20250706_0600_339,38.1,0.52
St. Malo_Jersey_20250706_1800_340,15.9,0.47
Poole_Jersey_20250706_0600_341,15.1,0.15
Poole_Jersey_20250706_1200_342,21.8,0.18
Portsmouth_Jersey_20250707_1800_343,32.3,1.05
Portsmouth_Jersey_20250707_1200_344,29.1,1.29
St. Malo_Jersey_20250707_0600_345,30.7,0.52
St. Malo_Jersey_20250707_1200_346,29.4,0.43
Poole_Jersey_20250707_1800_347,8.2,0.18
Poole_Jersey_20250707_0600_348,12.7,0.08
Poole_Jersey_20250707_1200_349,10.2,0.13
Portsmouth_Jersey_20250708_1200_350,27.4,1.4
Portsmouth_Jersey_20250708_0600_351,46.1,1.29
Portsmouth_Jersey_20250708_1800_352,46.1,1.32
St. Malo_Jersey_20250708_1200_353,25.2,0.73
St. Malo_Jersey_20250708_0600_354,15.8,0.49
Poole_Jersey_20250708_1800_355,10.4,0.27
Poole_Jersey_20250708_0600_356,16.9,0.27
Poole_Jersey_20250708_1200_357,8.7,0.16
Portsmouth_Jersey_20250709_1800_358,18.6,1.11
Portsmouth_Jersey_20250709_1200_359,34.9,1.23
Portsmouth_Jersey_20250709_0600_360,40.4,0.36
St. Malo_Jersey_20250709_1200_361,12.5,0.51
St. Malo_Jersey_20250709_0600_362,28.5,0.17
St. Malo_Jersey_20250709_1800_363,24.4,0.35
Poole_Jersey_20250709_1800_364,10.0,0.16
Poole_Jersey_20250709_1200_365,15.6,0.16
Poole_Jersey_20250709_0600_366,6.1,0.21
Portsmouth_Jersey_20250710_0600_367,35.8,0.72
Portsmouth_Jersey_20250710_1200_368,36.3,0.9
Portsmouth_Jersey_20250710_1800_369,40.5,0.93
St. Malo_Jersey_20250710_1800_370,26.2,0.49
St. Malo_Jersey_20250710_0600_371,31.1,0.74
Poole_Jersey_20250710_0600_372,14.9,0.16
Portsmouth_Jersey_20250711_1200_373,22.8,1.19
Portsmouth_Jersey_20250711_1800_374,29.2,1.7
Portsmouth_Jersey_20250711_0600_375,73.4,0.94
St. Malo_Jersey_20250711_1200_376,12.5,0.6
St. Malo_Jersey_20250711_1800_377,40.7,0.3
St. Malo_Jersey_20250711_0600_378,39.2,0.22
Poole_Jersey_20250711_1800_379,8.5,0.22
Portsmouth_Jersey_20250712_1200_380,52.2,0.98
Portsmouth_Jersey_20250712_1800_381,45.4,1.33
Portsmouth_Jersey_20250712_0600_382,54.6,0.81
St. Malo_Jersey_20250712_0600_383,18.5,0.66
St. Malo_Jersey_20250712_1200_384,28.4,0.59
St. Malo_Jersey_20250712_1800_385,20.0,0.6
Poole_Jersey_20250712_1800_386,10.1,0.21
Poole_Jersey_20250712_1200_387,15.5,0.21
Portsmouth_Jersey_20250713_1800_388,49.4,0.69
Portsmouth_Jersey_20250713_1200_389,48.1,1.01
Portsmouth_Jersey_20250713_0600_390,30.5,0.6
St. Malo_Jersey_20250713_1200_391,39.2,0.49
St. Malo_Jersey_20250713_1800_392,22.3,0.33
Poole_Jersey_20250713_1200_393,19.9,0.26
Poole_Jersey_20250713_0600_394,18.7,0.2
Portsmouth_Jersey_20250714_1200_395,49.0,0.75
Portsmouth_Jersey_20250714_1800_396,42.6,0.98
Portsmouth_Jersey_20250714_0600_397,43.2,0.46
St. Malo_Jersey_20250714_1800_398,39.0,0.74
St. Malo_Jersey_20250714_1200_399,16.4,0.59
St. Malo_Jersey_20250714_0600_400,13.8,0.51
Poole_Jersey_20250714_0600_401,5.1,0.18
Poole_Jersey_20250714_1200_402,12.8,0.27
Portsmouth_Jersey_20250715_1200_403,60.0,1.51
Portsmouth_Jersey_20250715_0600_404,53.9,1.02
Portsmouth_Jersey_20250715_1800_405,44.7,1.12
St. Malo_Jersey_20250715_1200_406,16.1,0.67
St. Malo_Jersey_20250715_1800_407,30.2,0.61
St. Malo_Jersey_20250715_0600_408,7.9,0.57
Poole_Jersey_20250715_1800_409,19.5,0.2
Poole_Jersey_20250715_1200_410,12.7,0.12
Portsmouth_Jersey_20250716_0600_411,22.8,1.05
St. Malo_Jersey_20250716_0600_412,23.2,0.46
Poole_Jersey_20250716_1800_413,21.9,0.12
Poole_Jersey_20250716_1200_414,13.4,0.3
Poole_Jersey_20250716_0600_415,13.6,0.2
Portsmouth_Jersey_20250717_1200_416,37.9,1.21
Portsmouth_Jersey_20250717_0600_417,15.3,0.94
St. Malo_Jersey_20250717_1800_418,25.4,0.35
St. Malo_Jersey_20250717_1200_419,27.6,0.62
Poole_Jersey_20250717_1200_420,17.0,0.31
Poole_Jersey_20250717_1800_421,13.0,0.23
Poole_Jersey_20250717_0600_422,17.1,0.19
Portsmouth_Jersey_20250718_1200_423,53.6,1.09
St. Malo_Jersey_20250718_0600_424,16.0,0.61
St. Malo_Jersey_20250718_1800_425,21.3,0.45
Poole_Jersey_20250718_0600_426,13.9,0.24
Poole_Jersey_20250718_1800_427,19.9,0.19
Portsmouth_Jersey_20250719_1200_428,37.4,0.39
Portsmouth_Jersey_20250719_0600_429,31.5,0.72
St. Malo_Jersey_20250719_1200_430,27.3,0.48
St. Malo_Jersey_20250719_1800_431,18.2,0.52
St. Malo_Jersey_20250719_0600_432,24.5,0.12
Poole_Jersey_20250719_1200_433,20.0,0.26
Poole_Jersey_20250719_1800_434,13.9,0.22
Poole_Jersey_20250719_0600_435,13.5,0.1
Portsmouth_Jersey_20250720_1200_436,66.0,1.22
Portsmouth_Jersey_20250720_1800_437,51.3,0.91
Portsmouth_Jersey_20250720_0600_438,53.5,0.59
St. Malo_Jersey_20250720_1200_439,23.2,0.61
St. Malo_Jersey_20250720_1800_440,20.3,0.64
St. Malo_Jersey_20250720_0600_441,27.3,0.53
Poole_Jersey_20250720_1200_442,11.8,0.22
Poole_Jersey_20250720_1800_443,23.7,0.21
Poole_Jersey_20250720_0600_444,17.5,0.24
Portsmouth_Jersey_20250721_1200_445,26.3,0.96
Portsmouth_Jersey_20250721_0600_446,38.0,0.36
St. Malo_Jersey_20250721_0600_447,30.9,0.36
St. Malo_Jersey_20250721_1800_448,30.1,0.39
Poole_Jersey_20250721_0600_449,24.2,0.18
Portsmouth_Jersey_20250722_1200_450,63.1,0.95
Portsmouth_Jersey_20250722_1800_451,39.4,1.47
St. Malo_Jersey_20250722_1200_452,18.1,0.51
St. Malo_Jersey_20250722_0600_453,29.0,0.56
St. Malo_Jersey_20250722_1800_454,25.3,0.49
Poole_Jersey_20250722_1200_455,18.8,0.21
Poole_Jersey_20250722_1800_456,19.3,0.22
Portsmouth_Jersey_20250723_0600_457,47.8,1.34
Portsmouth_Jersey_20250723_1200_458,36.3,1.33
St. Malo_Jersey_20250723_0600_459,23.8,0.29
St. Malo_Jersey_20250723_1200_460,22.5,0.39
St. Malo_Jersey_20250723_1800_461,27.8,0.46
Poole_Jersey_20250723_1800_462,15.6,0.26
Poole_Jersey_20250723_0600_463,21.7,0.22
Portsmouth_Jersey_20250724_1200_464,53.0,0.95
St. Malo_Jersey_20250724_1200_465,13.3,0.32
St. Malo_Jersey_20250724_0600_466,23.5,0.62
Poole_Jersey_20250724_0600_467,14.1,0.27
Poole_Jersey_20250724_1800_468,23.2,0.15
Portsmouth_Jersey_20250725_1800_469,65.5,0.51
Portsmouth_Jersey_20250725_0600_470,62.2,0.99
Portsmouth_Jersey_20250725_1200_471,37.2,1.0
St. Malo_Jersey_20250725_1200_472,19.0,0.73
St. Malo_Jersey_20250725_1800_473,19.8,0.42
St. Malo_Jersey_20250725_0600_474,14.7,0.39
Poole_Jersey_20250725_1200_475,11.8,0.15
Poole_Jersey_20250725_1800_476,14.2,0.13
Portsmouth_Jersey_20250726_1200_477,59.1,0.95
Portsmouth_Jersey_20250726_0600_478,44.5,1.26
St. Malo_Jersey_20250726_1800_479,40.2,0.64
St. Malo_Jersey_20250726_1200_480,23.1,0.34
Poole_Jersey_20250726_1800_481,16.5,0.26
Poole_Jersey_20250726_1200_482,15.6,0.2
Portsmouth_Jersey_20250727_1800_483,42.6,0.44
Portsmouth_Jersey_20250727_1200_484,41.8,1.22
St. Malo_Jersey_20250727_0600_485,24.7,0.67
St. Malo_Jersey_20250727_1800_486,33.7,0.42
Poole_Jersey_20250727_1800_487,17.0,0.2
Poole_Jersey_20250727_0600_488,5.9,0.19
Portsmouth_Jersey_20250728_1800_489,27.6,1.04
Portsmouth_Jersey_20250728_1200_490,48.2,0.93
St. Malo_Jersey_20250728_1800_491,18.2,0.54
St. Malo_Jersey_20250728_0600_492,43.3,0.17
Poole_Jersey_20250728_1200_493,16.0,0.17
Poole_Jersey_20250728_0600_494,13.1,0.19
Poole_Jersey_20250728_1800_495,13.5,0.24
Portsmouth_Jersey_20250729_1800_496,37.1,0.35
Portsmouth_Jersey_20250729_1200_497,55.4,1.34
St. Malo_Jersey_20250729_1800_498,20.4,0.51
St. Malo_Jersey_20250729_0600_499,34.1,0.65
Poole_Jersey_20250729_1200_500,21.1,0.22
Portsmouth_Jersey_20250730_1800_501,49.2,1.42
Portsmouth_Jersey_20250730_0600_502,35.9,1.13
St. Malo_Jersey_20250730_1800_503,8.9,0.26
Poole_Jersey_20250730_1200_504,17.2,0.24
Poole_Jersey_20250730_1800_505,13.3,0.16
Portsmouth_Jersey_20250731_1200_506,35.7,1.06
Portsmouth_Jersey_20250731_0600_507,12.2,1.14
St. Malo_Jersey_20250731_1200_508,25.2,0.54
St. Malo_Jersey_20250731_0600_509,24.1,0.29
Poole_Jersey_20250731_1200_510,10.1,0.29
Portsmouth_Jersey_20250801_1800_511,32.3,1.24
Portsmouth_Jersey_20250801_1200_512,27.0,1.0
St. Malo_Jersey_20250801_0600_513,21.7,0.46
St. Malo_Jersey_20250801_1800_514,22.4,0.72
St. Malo_Jersey_20250801_1200_515,39.5,0.54
Poole_Jersey_20250801_0600_516,13.1,0.12
Poole_Jersey_20250801_1800_517,8.7,0.29
Poole_Jersey_20250801_1200_518,8.4,0.17
Portsmouth_Jersey_20250802_1800_519,41.9,0.22
Portsmouth_Jersey_20250802_0600_520,25.0,0.6
St. Malo_Jersey_20250802_1200_521,20.0,0.54
Poole_Jersey_20250802_0600_522,19.6,0.16
Poole_Jersey_20250802_1800_523,12.9,0.19
Poole_Jersey_20250802_1200_524,11.4,0.23
Portsmouth_Jersey_20250803_1200_525,45.4,0.18
Portsmouth_Jersey_20250803_1800_526,47.7,1.04
St. Malo_Jersey_20250803_1800_527,26.9,0.68
St. Malo_Jersey_20250803_1200_528,11.6,0.31
Poole_Jersey_20250803_1800_529,14.7,0.06
Poole_Jersey_20250803_0600_530,14.0,0.25
Portsmouth_Jersey_20250804_1200_531,44.8,1.02
Portsmouth_Jersey_20250804_1800_532,37.2,0.87
St. Malo_Jersey_20250804_0600_533,21.4,0.53
St. Malo_Jersey_20250804_1200_534,13.4,0.72
Poole_Jersey_20250804_1200_535,11.7,0.23
Poole_Jersey_20250804_1800_536,15.4,0.13
Poole_Jersey_20250804_0600_537,20.8,0.26
Portsmouth_Jersey_20250805_1200_538,21.2,0.98
Portsmouth_Jersey_20250805_0600_539,42.5,0.38
Portsmouth_Jersey_20250805_1800_540,14.6,0.75
St. Malo_Jersey_20250805_1200_541,15.2,0.34
St. Malo_Jersey_20250805_1800_542,15.2,0.48
St. Malo_Jersey_20250805_0600_543,18.3,0.67
Poole_Jersey_20250805_0600_544,15.8,0.25
Poole_Jersey_20250805_1800_545,7.4,0.16
Portsmouth_Jersey_20250806_1200_546,41.6,1.14
Portsmouth_Jersey_20250806_1800_547,32.2,0.85
Portsmouth_Jersey_20250806_0600_548,35.3,0.91
St. Malo_Jersey_20250806_1800_549,41.2,0.55
St. Malo_Jersey_20250806_0600_550,25.3,0.31
St. Malo_Jersey_20250806_1200_551,15.7,0.47
Poole_Jersey_20250806_1200_552,20.1,0.19
Poole_Jersey_20250806_0600_553,14.3,0.16
Poole_Jersey_20250806_1800_554,7.2,0.23
Portsmouth_Jersey_20250807_0600_555,36.9,1.13
Portsmouth_Jersey_20250807_1200_556,41.9,0.71
Portsmouth_Jersey_20250807_1800_557,42.7,0.61
St. Malo_Jersey_20250807_1800_558,26.6,0.49
St. Malo_Jersey_20250807_0600_559,36.6,0.37
Poole_Jersey_20250807_1800_560,9.0,0.18
Poole_Jersey_20250807_1200_561,17.7,0.03
Portsmouth_Jersey_20250808_1800_562,50.5,0.94
Portsmouth_Jersey_20250808_0600_563,26.3,0.89
Portsmouth_Jersey_20250808_1200_564,31.1,0.63
St. Malo_Jersey_20250808_0600_565,10.5,0.61
St. Malo_Jersey_20250808_1800_566,20.8,0.44
Poole_Jersey_20250808_1200_567,18.8,0.2
Poole_Jersey_20250808_0600_568,8.0,0.24
Poole_Jersey_20250808_1800_569,21.7,0.23
Portsmouth_Jersey_20250809_0600_570,29.6,0.56
St. Malo_Jersey_20250809_1800_571,18.2,0.52
Poole_Jersey_20250809_0600_572,21.4,0.15
Poole_Jersey_20250809_1800_573,12.1,0.26
Poole_Jersey_20250809_1200_574,13.0,0.3
Portsmouth_Jersey_20250810_1800_575,38.2,1.35
Portsmouth_Jersey_20250810_1200_576,44.6,1.21
St. Malo_Jersey_20250810_0600_577,23.7,0.48
St. Malo_Jersey_20250810_1200_578,28.1,0.62
Poole_Jersey_20250810_0600_579,17.4,0.09
Poole_Jersey_20250810_1200_580,16.2,0.16
Portsmouth_Jersey_20250811_0600_581,33.4,1.14
Portsmouth_Jersey_20250811_1800_582,60.4,0.93
Portsmouth_Jersey_20250811_1200_583,63.7,0.67
St. Malo_Jersey_20250811_1200_584,34.2,0.56
St. Malo_Jersey_20250811_0600_585,26.6,0.71
Poole_Jersey_20250811_1800_586,12.1,0.28
Poole_Jersey_20250811_0600_587,14.1,0.16
Poole_Jersey_20250811_1200_588,9.0,0.3
Portsmouth_Jersey_20250812_1800_589,53.7,0.86
Portsmouth_Jersey_20250812_1200_590,46.5,1.04
St. Malo_Jersey_20250812_1800_591,22.4,0.64
St. Malo_Jersey_20250812_0600_592,20.3,0.17
Poole_Jersey_20250812_1200_593,16.2,0.2
Poole_Jersey_20250812_1800_594,12.3,0.15
Poole_Jersey_20250812_0600_595,8.0,0.18
Portsmouth_Jersey_20250813_0600_596,29.5,1.29
Portsmouth_Jersey_20250813_1800_597,46.2,0.85
Portsmouth_Jersey_20250813_1200_598,46.3,0.97
St. Malo_Jersey_20250813_1200_599,23.0,0.49
St. Malo_Jersey_20250813_1800_600,38.3,0.6
St. Malo_Jersey_20250813_0600_601,22.8,0.63
Poole_Jersey_20250813_1200_602,18.9,0.22
Poole_Jersey_20250813_1800_603,13.5,0.18
Portsmouth_Jersey_20250814_0600_604,27.1,1.05
Portsmouth_Jersey_20250814_1800_605,32.7,0.87
Portsmouth_Jersey_20250814_1200_606,47.5,1.51
St. Malo_Jersey_20250814_1200_607,27.8,0.48
St. Malo_Jersey_20250814_1800_608,24.9,0.67
Poole_Jersey_20250814_1800_609,16.7,0.21
Poole_Jersey_20250814_0600_610,16.2,0.11
Poole_Jersey_20250814_1200_611,16.8,0.15
Portsmouth_Jersey_20250815_1200_612,44.7,0.78
Portsmouth_Jersey_20250815_1800_613,47.1,0.95
Portsmouth_Jersey_20250815_0600_614,26.3,0.91
St. Malo_Jersey_20250815_1200_615,41.5,0.16
St. Malo_Jersey_20250815_1800_616,26.2,0.35
Poole_Jersey_20250815_0600_617,21.2,0.25
Poole_Jersey_20250815_1200_618,15.8,0.26
Poole_Jersey_20250815_1800_619,16.1,0.2
Portsmouth_Jersey_20250816_1800_620,32.8,0.89
Portsmouth_Jersey_20250816_0600_621,34.4,1.0
Portsmouth_Jersey_20250816_1200_622,17.3,1.31
St. Malo_Jersey_20250816_1800_623,39.6,0.44
St. Malo_Jersey_20250816_1200_624,33.8,0.48
Poole_Jersey_20250816_1800_625,12.3,0.18
Poole_Jersey_20250816_0600_626,15.4,0.16
Portsmouth_Jersey_20250817_1800_627,47.3,0.84
Portsmouth_Jersey_20250817_1200_628,27.1,0.99
Portsmouth_Jersey_20250817_0600_629,31.7,0.9
St. Malo_Jersey_20250817_1200_630,24.6,0.3
St. Malo_Jersey_20250817_1800_631,35.9,0.62
St. Malo_Jersey_20250817_0600_632,20.3,0.5
Poole_Jersey_20250817_1200_633,17.9,0.21
Poole_Jersey_20250817_0600_634,23.5,0.19
Portsmouth_Jersey_20250818_1200_635,54.3,0.6
Portsmouth_Jersey_20250818_1800_636,25.8,1.51
St. Malo_Jersey_20250818_1200_637,21.8,0.32
St. Malo_Jersey_20250818_0600_638,24.6,0.69
Poole_Jersey_20250818_1800_639,11.6,0.2
Poole_Jersey_20250818_0600_640,6.7,0.17
Poole_Jersey_20250818_1200_641,19.5,0.15
Portsmouth_Jersey_20250819_1800_642,24.7,0.77
Portsmouth_Jersey_20250819_0600_643,32.7,1.23
St. Malo_Jersey_20250819_1200_644,27.8,0.59
St. Malo_Jersey_20250819_0600_645,25.2,0.41
Poole_Jersey_20250819_1200_646,11.5,0.23
Poole_Jersey_20250819_0600_647,22.2,0.14
Portsmouth_Jersey_20250820_1200_648,27.8,0.66
Portsmouth_Jersey_20250820_1800_649,50.0,0.99
St. Malo_Jersey_20250820_1800_650,29.2,0.42
St. Malo_Jersey_20250820_1200_651,29.6,0.46
Poole_Jersey_20250820_0600_652,8.0,0.26
Poole_Jersey_20250820_1200_653,14.8,0.18
Portsmouth_Jersey_20250821_1800_654,43.4,0.57
Portsmouth_Jersey_20250821_1200_655,45.2,0.82
Portsmouth_Jersey_20250821_0600_656,38.1,1.34
St. Malo_Jersey_20250821_1200_657,29.8,0.47
St. Malo_Jersey_20250821_1800_658,24.2,0.12
Poole_Jersey_20250821_0600_659,11.3,0.21
Poole_Jersey_20250821_1200_660,11.6,0.12
Poole_Jersey_20250821_1800_661,17.2,0.28
Portsmouth_Jersey_20250822_0600_662,31.3,1.26
Portsmouth_Jersey_20250822_1800_663,48.7,0.71
St. Malo_Jersey_20250822_1200_664,19.5,0.77
St. Malo_Jersey_20250822_0600_665,16.6,0.41
St. Malo_Jersey_20250822_1800_666,39.7,0.41
Poole_Jersey_20250822_1200_667,21.1,0.14
Poole_Jersey_20250822_1800_668,15.6,0.27
Poole_Jersey_20250822_0600_669,12.9,0.21
Portsmouth_Jersey_20250823_1800_670,48.9,0.73
Portsmouth_Jersey_20250823_0600_671,66.9,1.31
St. Malo_Jersey_20250823_0600_672,22.3,0.46
St. Malo_Jersey_20250823_1800_673,39.3,0.45
St. Malo_Jersey_20250823_1200_674,21.5,0.67
Poole_Jersey_20250823_1200_675,8.7,0.2
Portsmouth_Jersey_20250824_1200_676,41.0,0.79
Portsmouth_Jersey_20250824_0600_677,21.2,1.02
Portsmouth_Jersey_20250824_1800_678,48.3,0.8
St. Malo_Jersey_20250824_0600_679,16.2,0.69
St. Malo_Jersey_20250824_1800_680,29.0,0.45
Poole_Jersey_20250824_1200_681,19.1,0.21
Poole_Jersey_20250824_0600_682,23.1,0.24
Portsmouth_Jersey_20250825_0600_683,23.3,0.8
Portsmouth_Jersey_20250825_1800_684,32.7,1.09
St. Malo_Jersey_20250825_0600_685,22.7,0.33
St. Malo_Jersey_20250825_1200_686,29.4,0.65
Poole_Jersey_20250825_1200_687,14.5,0.21
Poole_Jersey_20250825_1800_688,10.6,0.17
Poole_Jersey_20250825_0600_689,12.8,0.23
Portsmouth_Jersey_20250826_1200_690,43.1,0.9
Portsmouth_Jersey_20250826_1800_691,35.6,0.41
Portsmouth_Jersey_20250826_0600_692,59.3,0.37
St. Malo_Jersey_20250826_1800_693,28.2,0.51
St. Malo_Jersey_20250826_1200_694,23.0,0.5
St. Malo_Jersey_20250826_0600_695,20.0,0.6
Poole_Jersey_20250826_0600_696,9.1,0.22
Poole_Jersey_20250826_1200_697,12.0,0.17
Portsmouth_Jersey_20250827_0600_698,35.2,0.95
Portsmouth_Jersey_20250827_1200_699,46.0,0.99
Portsmouth_Jersey_20250827_1800_700,51.2,1.31
St. Malo_Jersey_20250827_0600_701,27.3,0.6
Poole_Jersey_20250827_1800_702,24.1,0.12
Poole_Jersey_20250827_0600_703,19.8,0.29
Portsmouth_Jersey_20250828_1800_704,45.2,1.57
Portsmouth_Jersey_20250828_1200_705,61.3,0.9
Portsmouth_Jersey_20250828_0600_706,36.9,1.16
St. Malo_Jersey_20250828_1800_707,20.3,0.91
St. Malo_Jersey_20250828_1200_708,30.9,0.51
St. Malo_Jersey_20250828_0600_709,14.4,0.54
Poole_Jersey_20250828_1200_710,9.7,0.25
Poole_Jersey_20250828_1800_711,3.7,0.28
Poole_Jersey_20250828_0600_712,13.1,0.1
Portsmouth_Jersey_20250829_0600_713,39.8,1.01
Portsmouth_Jersey_20250829_1800_714,39.2,1.41
St. Malo_Jersey_20250829_1200_715,27.9,0.62
St. Malo_Jersey_20250829_0600_716,23.1,0.56
St. Malo_Jersey_20250829_1800_717,15.2,0.54
Poole_Jersey_20250829_1200_718,11.6,0.28
Poole_Jersey_20250829_1800_719,15.3,0.24
Portsmouth_Jersey_20250830_1200_720,43.1,1.54
Portsmouth_Jersey_20250830_0600_721,21.3,0.97
St. Malo_Jersey_20250830_1800_722,17.8,0.19
St. Malo_Jersey_20250830_0600_723,17.3,0.68
St. Malo_Jersey_20250830_1200_724,24.8,0.47
Poole_Jersey_20250830_0600_725,18.5,0.21
Poole_Jersey_20250830_1200_726,17.8,0.22
Portsmouth_Jersey_20250831_1800_727,46.5,0.87
Portsmouth_Jersey_20250831_0600_728,52.6,0.64
Portsmouth_Jersey_20250831_1200_729,39.0,1.33
St. Malo_Jersey_20250831_1200_730,23.8,0.44
St. Malo_Jersey_20250831_1800_731,42.2,0.71
Poole_Jersey_20250831_0600_732,15.6,0.14
Portsmouth_Jersey_20250901_1800_733,15.6,1.21
Portsmouth_Jersey_20250901_0600_734,55.2,1.12
Portsmouth_Jersey_20250901_1200_735,19.5,1.05
St. Malo_Jersey_20250901_0600_736,21.3,0.52
St. Malo_Jersey_20250901_1800_737,39.6,0.62
Poole_Jersey_20250901_1800_738,17.6,0.2
Poole_Jersey_20250901_0600_739,16.9,0.16
Poole_Jersey_20250901_1200_740,17.5,0.19
Portsmouth_Jersey_20250902_0600_741,30.1,1.24
Portsmouth_Jersey_20250902_1800_742,13.2,0.84
St. Malo_Jersey_20250902_1800_743,29.6,0.68
St. Malo_Jersey_20250902_0600_744,28.5,0.4
St. Malo_Jersey_20250902_1200_745,24.6,0.54
Poole_Jersey_20250902_0600_746,22.0,0.26
Poole_Jersey_20250902_1800_747,19.2,0.2
Poole_Jersey_20250902_1200_748,10.2,0.12
Portsmouth_Jersey_20250903_1800_749,36.4,1.21
Portsmouth_Jersey_20250903_1200_750,34.0,1.17
Portsmouth_Jersey_20250903_0600_751,30.5,0.81
St. Malo_Jersey_20250903_0600_752,35.6,0.62
St. Malo_Jersey_20250903_1800_753,22.7,0.38
Poole_Jersey_20250903_1200_754,19.3,0.25
Poole_Jersey_20250903_1800_755,17.9,0.19
Portsmouth_Jersey_20250904_1200_756,26.9,1.0
Portsmouth_Jersey_20250904_0600_757,56.9,0.73
Portsmouth_Jersey_20250904_1800_758,40.6,1.49
St. Malo_Jersey_20250904_1200_759,22.7,0.48
St. Malo_Jersey_20250904_1800_760,14.9,0.59
Poole_Jersey_20250904_0600_761,11.7,0.11
Poole_Jersey_20250904_1800_762,10.7,0.21
Portsmouth_Jersey_20250905_1800_763,21.0,0.58
Portsmouth_Jersey_20250905_0600_764,46.7,0.98
St. Malo_Jersey_20250905_0600_765,18.1,0.45
St. Malo_Jersey_20250905_1200_766,38.0,0.69
Poole_Jersey_20250905_0600_767,14.5,0.25
Poole_Jersey_20250905_1800_768,15.5,0.09
Portsmouth_Jersey_20250906_1200_769,16.6,0.73
Portsmouth_Jersey_20250906_0600_770,21.1,1.08
St. Malo_Jersey_20250906_0600_771,20.9,0.56
St. Malo_Jersey_20250906_1200_772,28.3,0.6
St. Malo_Jersey_20250906_1800_773,18.0,0.58
Poole_Jersey_20250906_0600_774,10.7,0.24
Poole_Jersey_20250906_1800_775,20.5,0.24
Poole_Jersey_20250906_1200_776,14.2,0.23
Portsmouth_Jersey_20250907_1800_777,21.6,0.47
Portsmouth_Jersey_20250907_0600_778,45.6,1.39
Portsmouth_Jersey_20250907_1200_779,25.2,1.0
St. Malo_Jersey_20250907_1200_780,28.3,0.41
St. Malo_Jersey_20250907_0600_781,22.5,0.59
Poole_Jersey_20250907_1800_782,15.5,0.21
Poole_Jersey_20250907_1200_783,10.6,0.2
Portsmouth_Jersey_20250908_1800_784,35.2,0.9
Portsmouth_Jersey_20250908_0600_785,33.5,0.99
Portsmouth_Jersey_20250908_1200_786,29.6,1.0
St. Malo_Jersey_20250908_1200_787,22.3,0.36
St. Malo_Jersey_20250908_0600_788,10.4,0.64
Poole_Jersey_20250908_1800_789,18.4,0.15
Poole_Jersey_20250908_0600_790,18.1,0.14
Portsmouth_Jersey_20250909_1200_791,36.3,0.84
Portsmouth_Jersey_20250909_0600_792,36.7,1.19
St. Malo_Jersey_20250909_0600_793,22.0,0.45
St. Malo_Jersey_20250909_1800_794,30.6,0.51
Poole_Jersey_20250909_1200_795,12.3,0.21
Poole_Jersey_20250909_0600_796,19.5,0.26
Portsmouth_Jersey_20250910_0600_797,24.1,0.62
Portsmouth_Jersey_20250910_1800_798,52.0,0.91
Portsmouth_Jersey_20250910_1200_799,13.6,0.78
St. Malo_Jersey_20250910_0600_800,21.7,0.45
St. Malo_Jersey_20250910_1200_801,30.7,0.36
Poole_Jersey_20250910_0600_802,19.2,0.22
Poole_Jersey_20250910_1800_803,9.2,0.18
Portsmouth_Jersey_20250911_0600_804,45.9,1.01
Portsmouth_Jersey_20250911_1800_805,44.5,0.82
St. Malo_Jersey_20250911_1800_806,29.2,0.44
St. Malo_Jersey_20250911_1200_807,44.1,0.3
St. Malo_Jersey_20250911_0600_808,45.2,0.36
Poole_Jersey_20250911_1800_809,20.7,0.25
Poole_Jersey_20250911_1200_810,10.9,0.24
Portsmouth_Jersey_20250912_1200_811,34.1,1.08
Portsmouth_Jersey_20250912_1800_812,41.8,0.9
St. Malo_Jersey_20250912_1800_813,21.8,0.55
St. Malo_Jersey_20250912_0600_814,18.2,0.37
St. Malo_Jersey_20250912_1200_815,32.2,0.56
Poole_Jersey_20250912_1800_816,9.1,0.14
Poole_Jersey_20250912_1200_817,5.4,0.25
Portsmouth_Jersey_20250913_1200_818,48.3,0.67
Portsmouth_Jersey_20250913_0600_819,47.8,1.6
Portsmouth_Jersey_20250913_1800_820,21.5,0.82
St. Malo_Jersey_20250913_1200_821,13.3,0.64
St. Malo_Jersey_20250913_1800_822,24.3,0.44
Poole_Jersey_20250913_1800_823,16.0,0.17
Portsmouth_Jersey_20250914_1200_824,35.2,1.08
Portsmouth_Jersey_20250914_0600_825,32.7,0.86
St. Malo_Jersey_20250914_1200_826,23.8,0.51
St. Malo_Jersey_20250914_1800_827,29.5,0.59
Poole_Jersey_20250914_1200_828,8.3,0.28
Poole_Jersey_20250914_1800_829,15.3,0.18
Portsmouth_Jersey_20250915_1200_830,29.2,1.6
Portsmouth_Jersey_20250915_1800_831,68.3,1.56
Portsmouth_Jersey_20250915_0600_832,41.5,1.1
St. Malo_Jersey_20250915_1200_833,36.2,0.46
Poole_Jersey_20250915_1800_834,17.4,0.21
Poole_Jersey_20250915_0600_835,23.6,0.29
Portsmouth_Jersey_20250916_1800_836,38.3,1.46
Portsmouth_Jersey_20250916_0600_837,40.0,0.84
Portsmouth_Jersey_20250916_1200_838,36.6,1.04
St. Malo_Jersey_20250916_1800_839,19.1,0.42
St. Malo_Jersey_20250916_1200_840,14.2,0.38
St. Malo_Jersey_20250916_0600_841,26.8,0.66
Poole_Jersey_20250916_0600_842,19.1,0.23
Poole_Jersey_20250916_1200_843,8.1,0.15
Poole_Jersey_20250916_1800_844,14.1,0.26
Portsmouth_Jersey_20250917_1200_845,33.3,0.63
Portsmouth_Jersey_20250917_1800_846,57.4,0.78
St. Malo_Jersey_20250917_0600_847,16.5,0.53
St. Malo_Jersey_20250917_1200_848,24.6,0.42
Poole_Jersey_20250917_0600_849,15.0,0.14
Poole_Jersey_20250917_1800_850,12.7,0.2
Poole_Jersey_20250917_1200_851,5.8,0.26
Portsmouth_Jersey_20250918_1200_852,23.5,0.72
Portsmouth_Jersey_20250918_1800_853,52.0,1.17
St. Malo_Jersey_20250918_1200_854,25.7,0.24
St. Malo_Jersey_20250918_0600_855,20.5,0.47
Poole_Jersey_20250918_0600_856,14.4,0.27
Poole_Jersey_20250918_1200_857,24.0,0.24
Portsmouth_Jersey_20250919_0600_858,33.6,1.36
Portsmouth_Jersey_20250919_1200_859,32.9,0.21
St. Malo_Jersey_20250919_0600_860,15.6,0.14
Poole_Jersey_20250919_0600_861,13.3,0.19
Poole_Jersey_20250919_1800_862,7.8,0.15
Portsmouth_Jersey_20250920_1800_863,22.9,0.96
St. Malo_Jersey_20250920_1800_864,18.6,0.65
St. Malo_Jersey_20250920_0600_865,26.3,0.74
Poole_Jersey_20250920_0600_866,13.0,0.33
Poole_Jersey_20250920_1200_867,15.0,0.17
Portsmouth_Jersey_20250921_1200_868,68.9,0.45
Portsmouth_Jersey_20250921_1800_869,33.4,0.5
St. Malo_Jersey_20250921_0600_870,11.2,0.19
Poole_Jersey_20250921_0600_871,17.8,0.12
Poole_Jersey_20250921_1800_872,13.9,0.25
Poole_Jersey_20250921_1200_873,17.1,0.22
Portsmouth_Jersey_20250922_1200_874,54.6,1.48
Portsmouth_Jersey_20250922_1800_875,25.0,1.14
St. Malo_Jersey_20250922_1800_876,23.0,0.48
Poole_Jersey_20250922_1800_877,8.2,0.17
Portsmouth_Jersey_20250923_1200_878,34.9,1.43
Portsmouth_Jersey_20250923_0600_879,26.1,0.28
Portsmouth_Jersey_20250923_1800_880,39.9,0.62
St. Malo_Jersey_20250923_1800_881,24.0,0.6
St. Malo_Jersey_20250923_1200_882,24.3,0.44
Poole_Jersey_20250923_0600_883,14.3,0.25
Poole_Jersey_20250923_1800_884,9.8,0.24
Portsmouth_Jersey_20250924_1200_885,27.9,1.18
St. Malo_Jersey_20250924_1800_886,13.4,0.58
St. Malo_Jersey_20250924_0600_887,24.2,0.51
St. Malo_Jersey_20250924_1200_888,32.2,0.38
Poole_Jersey_20250924_1800_889,14.9,0.22
Poole_Jersey_20250924_1200_890,13.7,0.24
Portsmouth_Jersey_20250925_0600_891,44.0,0.83
St. Malo_Jersey_20250925_0600_892,34.5,0.58
St. Malo_Jersey_20250925_1200_893,18.7,0.37
Poole_Jersey_20250925_1200_894,14.0,0.23
Poole_Jersey_20250925_0600_895,5.0,0.15
Poole_Jersey_20250925_1800_896,12.4,0.11
Portsmouth_Jersey_20250926_0600_897,27.7,1.04
Portsmouth_Jersey_20250926_1200_898,34.1,0.88
St. Malo_Jersey_20250926_0600_899,14.7,0.47
Poole_Jersey_20250926_0600_900,8.2,0.29
Poole_Jersey_20250926_1800_901,22.8,0.17
Portsmouth_Jersey_20250927_0600_902,26.5,1.26
Portsmouth_Jersey_20250927_1800_903,47.1,1.56
St. Malo_Jersey_20250927_0600_904,41.1,0.2
Poole_Jersey_20250927_1200_905,20.2,0.19
Poole_Jersey_20250927_1800_906,17.5,0.25
Portsmouth_Jersey_20250928_0600_907,48.8,1.3
Portsmouth_Jersey_20250928_1200_908,33.3,0.71
St. Malo_Jersey_20250928_0600_909,33.9,0.37
St. Malo_Jersey_20250928_1200_910,39.0,0.39
St. Malo_Jersey_20250928_1800_911,22.1,0.47
Poole_Jersey_20250928_1800_912,8.1,0.11
Poole_Jersey_20250928_1200_913,19.1,0.1
Poole_Jersey_20250928_0600_914,26.3,0.19
Portsmouth_Jersey_20250929_1200_915,27.6,1.13
Portsmouth_Jersey_20250929_0600_916,10.5,0.9
Portsmouth_Jersey_20250929_1800_917,37.5,0.62
St. Malo_Jersey_20250929_1200_918,20.3,0.73
St. Malo_Jersey_20250929_1800_919,26.4,0.56
Poole_Jersey_20250929_1800_920,11.5,0.12
Poole_Jersey_20250929_1200_921,13.9,0.05
Portsmouth_Jersey_20250930_1800_922,26.8,0.62
Portsmouth_Jersey_20250930_0600_923,15.5,1.19
Portsmouth_Jersey_20250930_1200_924,38.4,0.81
St. Malo_Jersey_20250930_0600_925,30.0,0.25
St. Malo_Jersey_20250930_1800_926,14.9,0.67
St. Malo_Jersey_20250930_1200_927,42.1,0.6
Poole_Jersey_20250930_0600_928,17.1,0.17
Poole_Jersey_20250930_1800_929,12.5,0.21
Poole_Jersey_20250930_1200_930,21.2,0.23
Portsmouth_Jersey_20251001_1800_931,51.5,0.73
Portsmouth_Jersey_20251001_0600_932,47.4,0.8
Portsmouth_Jersey_20251001_1200_933,41.7,1.18
St. Malo_Jersey_20251001_1800_934,21.0,0.35
St. Malo_Jersey_20251001_0600_935,27.7,0.48
St. Malo_Jersey_20251001_1200_936,26.0,0.6
Poole_Jersey_20251001_1200_937,20.9,0.24
Poole_Jersey_20251001_0600_938,17.4,0.17
Portsmouth_Jersey_20251002_1200_939,35.8,1.14
Portsmouth_Jersey_20251002_0600_940,35.6,1.14
St. Malo_Jersey_20251002_0600_941,18.9,0.79
St. Malo_Jersey_20251002_1800_942,26.5,0.52
Poole_Jersey_20251002_1200_943,12.8,0.31
Poole_Jersey_20251002_0600_944,9.4,0.16
Portsmouth_Jersey_20251003_1800_945,50.2,1.07
Portsmouth_Jersey_20251003_1200_946,33.1,0.84
St. Malo_Jersey_20251003_1800_947,22.8,0.52
St. Malo_Jersey_20251003_0600_948,36.7,0.59
St. Malo_Jersey_20251003_1200_949,32.7,0.43
Poole_Jersey_20251003_1200_950,17.3,0.11
Poole_Jersey_20251003_0600_951,15.8,0.21
Portsmouth_Jersey_20251004_0600_952,61.9,1.47
Portsmouth_Jersey_20251004_1800_953,36.9,0.75
St. Malo_Jersey_20251004_1800_954,19.1,0.46
Poole_Jersey_20251004_0600_955,20.9,0.22
Poole_Jersey_20251004_1200_956,17.3,0.25
Portsmouth_Jersey_20251005_1200_957,28.1,0.79
Portsmouth_Jersey_20251005_0600_958,46.2,0.77
St. Malo_Jersey_20251005_0600_959,13.6,0.34
Poole_Jersey_20251005_1200_960,19.7,0.18
Poole_Jersey_20251005_0600_961,16.0,0.14
Poole_Jersey_20251005_1800_962,16.7,0.18
Portsmouth_Jersey_20251006_1200_963,45.4,0.86
Portsmouth_Jersey_20251006_1800_964,46.1,0.84
St. Malo_Jersey_20251006_0600_965,24.4,0.46
St. Malo_Jersey_20251006_1800_966,25.2,0.54
St. Malo_Jersey_20251006_1200_967,21.3,0.48
Poole_Jersey_20251006_0600_968,15.8,0.23
Poole_Jersey_20251006_1200_969,14.7,0.15
Portsmouth_Jersey_20251007_1200_970,41.0,1.2
Portsmouth_Jersey_20251007_1800_971,24.0,0.6
St. Malo_Jersey_20251007_0600_972,20.0,0.47
St. Malo_Jersey_20251007_1200_973,8.5,0.59
Poole_Jersey_20251007_1200_974,14.2,0.06
Poole_Jersey_20251007_1800_975,10.0,0.18
Poole_Jersey_20251007_0600_976,7.0,0.26
Portsmouth_Jersey_20251008_1800_977,42.2,1.2
St. Malo_Jersey_20251008_1200_978,17.3,0.56
St. Malo_Jersey_20251008_0600_979,20.0,0.47
St. Malo_Jersey_20251008_1800_980,27.6,0.49
Poole_Jersey_20251008_0600_981,18.6,0.21
Poole_Jersey_20251008_1200_982,12.9,0.25
Portsmouth_Jersey_20251009_1800_983,52.6,1.03
Portsmouth_Jersey_20251009_1200_984,56.0,0.93
St. Malo_Jersey_20251009_1800_985,24.0,0.5
St. Malo_Jersey_20251009_1200_986,24.0,0.45
Poole_Jersey_20251009_0600_987,11.8,0.14
Poole_Jersey_20251009_1800_988,15.5,0.27
Poole_Jersey_20251009_1200_989,18.7,0.22
Portsmouth_Jersey_20251010_1800_990,55.0,1.01
Portsmouth_Jersey_20251010_1200_991,28.1,0.9
St. Malo_Jersey_20251010_0600_992,24.5,0.42
St. Malo_Jersey_20251010_1200_993,29.6,0.64
Poole_Jersey_20251010_1800_994,7.2,0.19
Portsmouth_Jersey_20251011_0600_995,5.2,0.97
Portsmouth_Jersey_20251011_1200_996,38.8,1.53
St. Malo_Jersey_20251011_0600_997,36.1,0.64
St. Malo_Jersey_20251011_1200_998,17.8,0.35
St. Malo_Jersey_20251011_1800_999,16.8,0.73
Poole_Jersey_20251011_1800_1000,10.9,0.18
Poole_Jersey_20251011_0600_1001,11.0,0.12
Poole_Jersey_20251011_1200_1002,16.5,0.21
Portsmouth_Jersey_20251012_1200_1003,13.3,0.61
Portsmouth_Jersey_20251012_0600_1004,43.1,0.98
Portsmouth_Jersey_20251012_1800_1005,35.2,1.18
St. Malo_Jersey_20251012_0600_1006,14.2,0.41
St. Malo_Jersey_20251012_1200_1007,28.9,0.4
St. Malo_Jersey_20251012_1800_1008,27.3,0.33
Poole_Jersey_20251012_1800_1009,11.3,0.09
Poole_Jersey_20251012_0600_1010,5.7,0.17
Portsmouth_Jersey_20251013_0600_1011,45.4,0.97
Portsmouth_Jersey_20251013_1200_1012,53.9,0.88
St. Malo_Jersey_20251013_1800_1013,9.1,0.55
St. Malo_Jersey_20251013_1200_1014,16.9,0.52
St. Malo_Jersey_20251013_0600_1015,7.9,0.46
Poole_Jersey_20251013_0600_1016,18.2,0.23
Poole_Jersey_20251013_1800_1017,13.9,0.2
Portsmouth_Jersey_20251014_1200_1018,34.0,0.91
St. Malo_Jersey_20251014_1800_1019,29.7,0.39
St. Malo_Jersey_20251014_1200_1020,20.1,0.26
St. Malo_Jersey_20251014_0600_1021,29.9,0.45
Poole_Jersey_20251014_0600_1022,9.3,0.25
Poole_Jersey_20251014_1800_1023,14.5,0.15
Portsmouth_Jersey_20251015_1200_1024,50.1,0.88
Portsmouth_Jersey_20251015_0600_1025,20.5,1.27
Portsmouth_Jersey_20251015_1800_1026,29.3,1.89
St. Malo_Jersey_20251015_0600_1027,21.2,0.19
St. Malo_Jersey_20251015_1800_1028,37.7,0.48
St. Malo_Jersey_20251015_1200_1029,26.5,0.55
Poole_Jersey_20251015_0600_1030,8.6,0.07
Poole_Jersey_20251015_1200_1031,23.5,0.1
Portsmouth_Jersey_20251016_1800_1032,59.0,1.14
Portsmouth_Jersey_20251016_1200_1033,41.5,0.84
Portsmouth_Jersey_20251016_0600_1034,67.1,0.78
St. Malo_Jersey_20251016_1800_1035,19.6,0.59
St. Malo_Jersey_20251016_0600_1036,19.5,0.34
St. Malo_Jersey_20251016_1200_1037,24.2,0.6
Poole_Jersey_20251016_0600_1038,23.2,0.32
Portsmouth_Jersey_20251017_0600_1039,17.9,1.3
Portsmouth_Jersey_20251017_1200_1040,27.6,0.7
St. Malo_Jersey_20251017_0600_1041,20.6,0.4
St. Malo_Jersey_20251017_1800_1042,16.6,0.14
St. Malo_Jersey_20251017_1200_1043,35.5,0.63
Poole_Jersey_20251017_1200_1044,14.7,0.14
Poole_Jersey_20251017_1800_1045,20.3,0.19
Portsmouth_Jersey_20251018_1800_1046,32.5,0.49
Portsmouth_Jersey_20251018_0600_1047,45.8,0.88
St. Malo_Jersey_20251018_1800_1048,26.6,0.52
St. Malo_Jersey_20251018_1200_1049,29.4,0.52
St. Malo_Jersey_20251018_0600_1050,22.3,0.58
Poole_Jersey_20251018_1800_1051,19.1,0.29
Poole_Jersey_20251018_1200_1052,9.7,0.26
Portsmouth_Jersey_20251019_1800_1053,20.3,1.29
St. Malo_Jersey_20251019_0600_1054,20.2,0.62
St. Malo_Jersey_20251019_1200_1055,35.8,0.53
Poole_Jersey_20251019_1200_1056,14.8,0.19
Poole_Jersey_20251019_1800_1057,12.9,0.27
Poole_Jersey_20251019_0600_1058,14.5,0.07
Portsmouth_Jersey_20251020_0600_1059,50.6,1.25
Portsmouth_Jersey_20251020_1800_1060,40.5,0.76
St. Malo_Jersey_20251020_1800_1061,16.3,0.38
St. Malo_Jersey_20251020_0600_1062,26.5,0.22
Poole_Jersey_20251020_1200_1063,16.9,0.2
Poole_Jersey_20251020_0600_1064,20.8,0.24
Poole_Jersey_20251020_1800_1065,11.7,0.1
Portsmouth_Jersey_20251021_1200_1066,30.1,1.41
Portsmouth_Jersey_20251021_0600_1067,43.5,1.18
Portsmouth_Jersey_20251021_1800_1068,32.4,1.15
St. Malo_Jersey_20251021_1800_1069,13.6,0.64
St. Malo_Jersey_20251021_0600_1070,16.3,0.2
Poole_Jersey_20251021_1800_1071,25.2,0.21
Poole_Jersey_20251021_1200_1072,15.5,0.09
Portsmouth_Jersey_20251022_1200_1073,47.5,1.27
Portsmouth_Jersey_20251022_0600_1074,37.6,1.27
Portsmouth_Jersey_20251022_1800_1075,54.0,1.16
St. Malo_Jersey_20251022_1800_1076,8.8,0.33
St. Malo_Jersey_20251022_1200_1077,37.7,0.51
St. Malo_Jersey_20251022_0600_1078,25.7,0.38
Poole_Jersey_20251022_1800_1079,12.1,0.27
Poole_Jersey_20251022_0600_1080,21.7,0.25
Portsmouth_Jersey_20251023_0600_1081,46.6,1.19
St. Malo_Jersey_20251023_1800_1082,24.5,0.32
St. Malo_Jersey_20251023_1200_1083,14.4,0.7
St. Malo_Jersey_20251023_0600_1084,24.8,0.57
Poole_Jersey_20251023_0600_1085,15.9,0.22
Poole_Jersey_20251023_1200_1086,16.6,0.24
Portsmouth_Jersey_20251024_0600_1087,30.8,1.35
Portsmouth_Jersey_20251024_1200_1088,31.1,1.07
Portsmouth_Jersey_20251024_1800_1089,25.8,0.95
St. Malo_Jersey_20251024_1800_1090,20.1,0.5
St. Malo_Jersey_20251024_1200_1091,30.5,0.51
St. Malo_Jersey_20251024_0600_1092,39.7,0.62
Poole_Jersey_20251024_0600_1093,14.0,0.19
Poole_Jersey_20251024_1200_1094,16.7,0.24
Portsmouth_Jersey_20251025_0600_1095,25.2,1.19
Portsmouth_Jersey_20251025_1200_1096,25.5,1.16
St. Malo_Jersey_20251025_0600_1097,33.3,0.54
St. Malo_Jersey_20251025_1800_1098,7.6,0.23
Poole_Jersey_20251025_1200_1099,17.5,0.05
Poole_Jersey_20251025_0600_1100,17.7,0.26
Portsmouth_Jersey_20251026_1200_1101,53.6,0.93
Portsmouth_Jersey_20251026_1800_1102,45.3,1.06
Portsmouth_Jersey_20251026_0600_1103,22.3,1.22
St. Malo_Jersey_20251026_1800_1104,35.4,0.6
St. Malo_Jersey_20251026_0600_1105,21.2,0.61
Poole_Jersey_20251026_1200_1106,20.8,0.27
Poole_Jersey_20251026_0600_1107,19.6,0.1
Portsmouth_Jersey_20251027_0600_1108,44.8,1.19
Portsmouth_Jersey_20251027_1800_1109,52.5,1.15
St. Malo_Jersey_20251027_1200_1110,36.6,0.23
St. Malo_Jersey_20251027_0600_1111,29.2,0.57
Poole_Jersey_20251027_1800_1112,19.1,0.29
Poole_Jersey_20251027_0600_1113,11.0,0.29
Portsmouth_Jersey_20251028_1200_1114,49.8,0.94
Portsmouth_Jersey_20251028_1800_1115,29.1,1.06
St. Malo_Jersey_20251028_1200_1116,27.1,0.55
Poole_Jersey_20251028_0600_1117,12.2,0.24
Poole_Jersey_20251028_1200_1118,13.2,0.27
Portsmouth_Jersey_20251029_1800_1119,60.5,0.76
Portsmouth_Jersey_20251029_0600_1120,40.7,1.29
Portsmouth_Jersey_20251029_1200_1121,43.3,0.59
St. Malo_Jersey_20251029_1200_1122,31.5,0.41
St. Malo_Jersey_20251029_0600_1123,26.5,0.35
Poole_Jersey_20251029_1200_1124,18.6,0.17
Poole_Jersey_20251029_1800_1125,19.1,0.19
Poole_Jersey_20251029_0600_1126,12.8,0.22
Portsmouth_Jersey_20251030_1200_1127,27.1,1.54
Portsmouth_Jersey_20251030_0600_1128,42.2,0.83
Portsmouth_Jersey_20251030_1800_1129,35.2,1.01
St. Malo_Jersey_20251030_1800_1130,32.5,0.37
St. Malo_Jersey_20251030_0600_1131,22.2,0.49
Poole_Jersey_20251030_0600_1132,21.9,0.26
Poole_Jersey_20251030_1800_1133,22.2,0.2
Portsmouth_Jersey_20251031_0600_1134,57.2,1.38
Portsmouth_Jersey_20251031_1800_1135,48.4,1.23
Portsmouth_Jersey_20251031_1200_1136,32.9,1.55
St. Malo_Jersey_20251031_1800_1137,23.2,0.58
St. Malo_Jersey_20251031_1200_1138,30.1,0.29
Poole_Jersey_20251031_1800_1139,14.8,0.21
Poole_Jersey_20251031_1200_1140,14.5,0.2
Poole_Jersey_20251031_0600_1141,21.7,0.15
Portsmouth_Jersey_20251101_1200_1142,24.8,0.82
Portsmouth_Jersey_20251101_1800_1143,48.9,1.25
Portsmouth_Jersey_20251101_0600_1144,47.3,1.27
St. Malo_Jersey_20251101_1200_1145,26.9,0.42
St. Malo_Jersey_20251101_0600_1146,17.9,0.31
Poole_Jersey_20251101_1800_1147,14.0,0.25
Poole_Jersey_20251101_1200_1148,16.1,0.2
Poole_Jersey_20251101_0600_1149,10.3,0.35
Portsmouth_Jersey_20251102_1200_1150,30.1,1.04
Portsmouth_Jersey_20251102_0600_1151,52.0,1.01
Portsmouth_Jersey_20251102_1800_1152,30.3,1.24
St. Malo_Jersey_20251102_1200_1153,15.0,0.76
St. Malo_Jersey_20251102_1800_1154,27.1,0.46
St. Malo_Jersey_20251102_0600_1155,14.4,0.33
Poole_Jersey_20251102_1800_1156,14.8,0.31
Poole_Jersey_20251102_0600_1157,16.0,0.22
Poole_Jersey_20251102_1200_1158,16.7,0.34
Portsmouth_Jersey_20251103_1800_1159,34.7,1.47
Portsmouth_Jersey_20251103_1200_1160,35.2,0.79
Portsmouth_Jersey_20251103_0600_1161,39.0,0.97
St. Malo_Jersey_20251103_1800_1162,29.2,0.15
St. Malo_Jersey_20251103_1200_1163,26.1,0.41
St. Malo_Jersey_20251103_0600_1164,19.6,0.31
Poole_Jersey_20251103_0600_1165,13.4,0.17
Poole_Jersey_20251103_1800_1166,13.1,0.1
Portsmouth_Jersey_20251104_0600_1167,41.2,0.76
Portsmouth_Jersey_20251104_1200_1168,20.4,0.84
Portsmouth_Jersey_20251104_1800_1169,30.7,1.01
St. Malo_Jersey_20251104_0600_1170,20.8,0.28
St. Malo_Jersey_20251104_1200_1171,18.3,0.24
Poole_Jersey_20251104_1200_1172,20.1,0.28
Poole_Jersey_20251104_0600_1173,21.4,0.16
Portsmouth_Jersey_20251105_1200_1174,55.6,1.12
Portsmouth_Jersey_20251105_1800_1175,30.1,0.81
Portsmouth_Jersey_20251105_0600_1176,37.9,1.03
St. Malo_Jersey_20251105_1200_1177,27.7,0.5
Poole_Jersey_20251105_1200_1178,13.4,0.28
Poole_Jersey_20251105_1800_1179,14.5,0.19
Poole_Jersey_20251105_0600_1180,14.0,0.19
Portsmouth_Jersey_20251106_0600_1181,23.7,0.7
Portsmouth_Jersey_20251106_1200_1182,69.4,0.5
Portsmouth_Jersey_20251106_1800_1183,43.3,1.1
St. Malo_Jersey_20251106_0600_1184,32.6,0.56
St. Malo_Jersey_20251106_1800_1185,39.2,0.54
St. Malo_Jersey_20251106_1200_1186,35.1,0.66
Poole_Jersey_20251106_0600_1187,21.9,0.2
Poole_Jersey_20251106_1800_1188,16.8,0.18
Poole_Jersey_20251106_1200_1189,15.7,0.21
Portsmouth_Jersey_20251107_1200_1190,15.1,0.96
Portsmouth_Jersey_20251107_0600_1191,50.7,0.59
Portsmouth_Jersey_20251107_1800_1192,28.2,1.35
St. Malo_Jersey_20251107_1800_1193,35.1,0.41
St. Malo_Jersey_20251107_1200_1194,26.3,0.49
Poole_Jersey_20251107_1800_1195,20.3,0.17
Poole_Jersey_20251107_1200_1196,13.3,0.28
Portsmouth_Jersey_20251108_1200_1197,28.0,0.85
Portsmouth_Jersey_20251108_0600_1198,41.6,1.46
Portsmouth_Jersey_20251108_1800_1199,25.7,0.79
St. Malo_Jersey_20251108_1200_1200,29.4,0.61
Poole_Jersey_20251108_1200_1201,16.0,0.19
Poole_Jersey_20251108_1800_1202,15.6,0.11
Portsmouth_Jersey_20251109_0600_1203,41.2,1.44
Portsmouth_Jersey_20251109_1200_1204,24.2,0.76
Portsmouth_Jersey_20251109_1800_1205,35.2,0.9
St. Malo_Jersey_20251109_1800_1206,38.8,0.36
St. Malo_Jersey_20251109_0600_1207,16.5,0.62
Poole_Jersey_20251109_0600_1208,12.1,0.25
Poole_Jersey_20251109_1200_1209,14.1,0.23
Portsmouth_Jersey_20251110_1800_1210,21.2,1.14
Portsmouth_Jersey_20251110_1200_1211,42.6,0.92
Portsmouth_Jersey_20251110_0600_1212,25.2,1.07
St. Malo_Jersey_20251110_1800_1213,30.4,0.42
St. Malo_Jersey_20251110_0600_1214,21.2,0.62
Poole_Jersey_20251110_1200_1215,22.7,0.26
Poole_Jersey_20251110_1800_1216,16.0,0.19
Portsmouth_Jersey_20251111_0600_1217,39.7,0.6
Portsmouth_Jersey_20251111_1200_1218,38.1,1.34
Portsmouth_Jersey_20251111_1800_1219,40.5,0.81
St. Malo_Jersey_20251111_0600_1220,19.6,0.5
Poole_Jersey_20251111_1200_1221,9.4,0.15
Portsmouth_Jersey_20251112_0600_1222,58.4,0.69
St. Malo_Jersey_20251112_0600_1223,19.0,0.54
St. Malo_Jersey_20251112_1200_1224,21.7,0.51
Poole_Jersey_20251112_0600_1225,18.9,0.11
Poole_Jersey_20251112_1200_1226,18.4,0.17
Portsmouth_Jersey_20251113_1200_1227,36.6,1.58
Portsmouth_Jersey_20251113_1800_1228,23.2,1.18
St. Malo_Jersey_20251113_1800_1229,33.5,0.4
St. Malo_Jersey_20251113_0600_1230,20.0,0.44
Poole_Jersey_20251113_1200_1231,11.9,0.2
Poole_Jersey_20251113_0600_1232,19.0,0.18
Poole_Jersey_20251113_1800_1233,19.2,0.28
Portsmouth_Jersey_20251114_0600_1234,45.2,1.16
St. Malo_Jersey_20251114_1800_1235,20.5,0.11
St. Malo_Jersey_20251114_1200_1236,29.4,0.62
Poole_Jersey_20251114_0600_1237,16.1,0.25
Poole_Jersey_20251114_1200_1238,12.5,0.23
Portsmouth_Jersey_20251115_0600_1239,57.7,1.2
Portsmouth_Jersey_20251115_1800_1240,56.1,1.4
St. Malo_Jersey_20251115_1200_1241,15.8,0.61
St. Malo_Jersey_20251115_0600_1242,20.3,0.33
Poole_Jersey_20251115_1800_1243,13.7,0.31
Portsmouth_Jersey_20251116_1800_1244,43.5,0.61
Portsmouth_Jersey_20251116_0600_1245,22.7,1.14
St. Malo_Jersey_20251116_1200_1246,25.1,0.25
St. Malo_Jersey_20251116_1800_1247,18.8,0.68
St. Malo_Jersey_20251116_0600_1248,30.8,0.43
Poole_Jersey_20251116_1200_1249,23.3,0.33
Poole_Jersey_20251116_0600_1250,11.5,0.19
Portsmouth_Jersey_20251117_1200_1251,32.8,1.16
Portsmouth_Jersey_20251117_1800_1252,32.7,0.64
St. Malo_Jersey_20251117_1800_1253,25.4,0.67
St. Malo_Jersey_20251117_1200_1254,28.8,0.65
Poole_Jersey_20251117_1800_1255,19.1,0.2
Poole_Jersey_20251117_1200_1256,12.3,0.15
Poole_Jersey_20251117_0600_1257,7.9,0.27
Portsmouth_Jersey_20251118_1800_1258,36.0,0.49
Portsmouth_Jersey_20251118_0600_1259,54.8,1.03
Portsmouth_Jersey_20251118_1200_1260,51.6,0.92
St. Malo_Jersey_20251118_1200_1261,19.1,0.57
St. Malo_Jersey_20251118_0600_1262,29.0,0.46
Poole_Jersey_20251118_0600_1263,20.9,0.26
Poole_Jersey_20251118_1800_1264,17.5,0.13
Poole_Jersey_20251118_1200_1265,9.4,0.27
Portsmouth_Jersey_20251119_1200_1266,13.7,0.97
Portsmouth_Jersey_20251119_0600_1267,41.8,0.85
St. Malo_Jersey_20251119_1200_1268,24.7,0.56
St. Malo_Jersey_20251119_0600_1269,20.6,0.63
Poole_Jersey_20251119_1800_1270,17.6,0.19
Poole_Jersey_20251119_1200_1271,11.3,0.19
Portsmouth_Jersey_20251120_0600_1272,65.3,0.77
Portsmouth_Jersey_20251120_1800_1273,58.4,0.47
St. Malo_Jersey_20251120_1800_1274,18.5,0.42
St. Malo_Jersey_20251120_0600_1275,32.1,0.51
Poole_Jersey_20251120_1800_1276,20.9,0.18
Poole_Jersey_20251120_1200_1277,14.8,0.18
Portsmouth_Jersey_20251121_0600_1278,64.3,0.66
Portsmouth_Jersey_20251121_1200_1279,33.9,0.71
St. Malo_Jersey_20251121_0600_1280,29.3,0.33
St. Malo_Jersey_20251121_1800_1281,38.7,0.51
St. Malo_Jersey_20251121_1200_1282,28.1,0.57
Poole_Jersey_20251121_1800_1283,14.9,0.21
